,sum_sq,df,F,PR(>F)
C(density_quartile),8.852418948508375e-30,1.0,1.9843381195908742,0.1695662097345174
Residual,1.2937318845624594e-28,29.0,,
